Batch	Day	Size (µm2)	radius	Volume
Batch 12	Day10	435626.602	372.3764951	216289476.3
Batch 12	Day10	478338.526	390.2049228	248866730.1
Batch 12	Day10	711972.935	476.0546438	451917362.6
Batch 12	Day10	394343.324	354.2927865	186283993.5
Batch 12	Day10	530249.091	410.8327248	290458238.5
Batch 12	Day10	483500.088	392.3045475	252905711
Batch 12	Day10	398795.171	356.2870268	189447394.4
Batch 12	Day10	468264.263	386.074014	241046218.2
Batch 12	Day10	441838.91	375.0222569	220932566.9
Batch 12	Day10	449959.153	378.4527008	227051009
Batch 12	Day10	640383.916	451.4870224	385500036.6
Batch 12	Day10	394896.349	354.5411287	186675996.4
Batch 12	Day10	455369.576	380.7212076	231158473.2
Batch 12	Day10	389430.623	352.078993	182813788.8
Batch 12	Day10	404666.448	358.9001686	193646475.2
Batch 12	Day10	409431.675	361.0071327	197077006.7
Batch 12	Day10	414436.547	363.2068971	200701616.4
Batch 12	Day10	1310059.7	645.7592074	1127977485
Batch 12	Day10	423856.397	367.311423	207583061.8
Batch 12	Day10	914831.533	539.6294295	658226690.9
Batch 12	Day10	547245.376	417.365084	304534816.4
Batch 12	Day10	650135.581	454.9116209	394338974.6
Batch 12	Day10	762971.01	492.8095122	501332495.1
Batch 12	Day10	402869.118	358.1022523	192357784.7
Batch 13	Day10	660937.993	458.6753725	404207973.5
Batch 13	Day10	555172.061	420.3769208	311175362
Batch 13	Day10	665694.003	460.3226937	408578742.2
Batch 13	Day10	476762.406	389.561532	247637724.4
Batch 13	Day10	511160.529	403.3701152	274915841.9
Batch 13	Day10	549623.382	418.2709124	306521964.6
Batch 13	Day10	561983.479	422.9478659	316919617.5
Batch 13	Day10	398048.588	355.9533688	188915647.8
Batch 13	Day10	531428.876	411.2895149	291428166.1
Batch 13	Day10	522257.887	407.7252121	283916943.7
Batch 13	Day10	513409.495	404.2565002	276732167.5
Batch 13	Day10	531696.171	411.3929359	291648065
Batch 13	Day10	544443.386	416.2952224	302198907.3
Batch 13	Day10	531281.403	411.2324439	291306866.3
Batch 13	Day10	475186.286	388.9170768	246410748.4
Batch 13	Day10	502173.881	399.8085928	267697910.3
Batch 13	Day10	539632.073	414.4517146	298201917.2
Batch 13	Day10	515031.7	404.8946552	278044776.8
Batch 13	Day10	506708.682	401.6097395	271332189.1
Batch 13	Day10	594132.635	434.8773292	344499751.3
Batch 13	Day10	794631.661	502.9305256	532859358.6
Batch 13	Day10	636558.83	450.1366112	382051246.1
Batch 13	Day10	467259.602	385.6596307	240270887.4
Batch 17	Day10	1266655.75	634.9716904	1072387390
Batch 17	Day10	706088.582	474.0833009	446326407.6
Batch 17	Day10	1048632.1	577.745588	807790092.2
Batch 17	Day10	863122.739	524.1569429	603215701.7
Batch 17	Day10	957441.363	552.0534859	704745122.6
Batch 17	Day10	1124945.63	598.3989601	897555060.2
Batch 17	Day10	1046406.65	577.1322047	805219969.2
Batch 17	Day10	979205.178	558.2926551	728910745
Batch 17	Day10	937061.882	546.1465563	682364159.9
Batch 17	Day10	1013979.97	568.1195727	768082489.7
Batch 17	Day10	1176919.44	612.0662489	960470222.5
Batch 17	Day10	1352685.9	656.1808401	1183475427
Batch 18	Day10	439410.371	373.990194	219113559.8
Batch 18	Day10	580411.257	429.8262918	332634691.1
Batch 18	Day10	421016.791	366.0789626	205500520.1
Batch 18	Day10	447794.663	377.5413464	225414666.6
Batch 18	Day10	408034.103	360.3904673	196068801.4
Batch 18	Day10	428772.261	369.4353118	211204818.6
Batch 18	Day10	447489.977	377.4128822	225184642.6
Batch 18	Day10	423264.127	367.0547045	207148118.7
Batch 18	Day10	451057.622	378.9143707	227882953.3
Batch 18	Day10	471739.596	387.504035	243734662.5
Batch 18	Day10	556364.762	420.8282358	312178668.4
Batch 18	Day10	652896.487	455.8765255	396853576
Batch 18	Day10	491431.878	395.5093237	259154519.6
Batch 18	Day10	507236.701	401.818935	271756414.7
Batch 19	Day10	565473.664	424.2591869	319876529.2
Batch 19	Day10	535053.389	412.6896938	294414692.4
Batch 19	Day10	604506.592	438.6575253	353561820.9
Batch 19	Day10	905169.658	536.7722523	647826608
Batch 19	Day10	742510.554	486.1568162	481302089.2
Batch 19	Day10	518012.077	406.0644841	280461742.4
Batch 19	Day10	529761.382	410.6437449	290057597.1
Batch 19	Day10	774078.598	496.3837935	512320094.6
Batch 19	Day10	570581.677	426.1710791	324220545.3
Batch 19	Day10	526125.318	409.2320736	287076473.2
Batch 19	Day10	540827.283	414.9104372	299193179.3
Batch 19	Day10	549956.87	418.3977876	306800983.6
Batch 19	Day10	561732.461	422.8533974	316707306.1
Batch 19	Day10	546285.76	416.9989905	303734147.3
Batch 19	Day10	515699.014	405.1568763	278585335.5
Batch 19	Day10	545847.68	416.8317561	303368862.7
Batch 17	Day13	1004386.02	565.4255032	757207294.4
Batch 17	Day13	744245.35	486.7244114	482989839.9
Batch 17	Day13	825176.25	512.5053738	563876350
Batch 17	Day13	1093000.84	589.8414812	859596312.6
Batch 17	Day13	705133.568	473.7625838	445421201.4
Batch 17	Day13	613767.603	442.0048595	361717684.2
Batch 19	Day13	747346.957	487.7375573	486012239
Batch 19	Day13	838038.278	516.484142	577111307.9
Batch 19	Day13	611542.157	441.2028042	359752152.7
Batch 19	Day13	686418.79	467.4332968	427806664
Batch 19	Day13	703898.182	473.3473885	444251155
Batch 19	Day13	611621.011	441.2312482	359821736.2
Batch 19	Day13	1034964	573.968007	792048299.2
Batch 19	Day13	684342.291	466.7257404	425866883.3
Batch 19	Day13	875345.171	527.8551144	616073900.5
Batch 19	Day13	994827.11	562.7284462	746423351.8
Batch 19	Day13	862842.368	524.0718042	602921808.7
Batch 19	Day13	935020.429	545.5513233	680135509.8
Batch 19	Day13	775901.011	496.9677681	514130391.6
Batch 19	Day13	847308.051	519.3327732	586713119.8
Batch16	Day13	569600.378	425.8044522	323384502.6
Batch16	Day13	659853.619	458.298953	403213630.3
Batch16	Day13	574165.171	427.5072517	327279699
Batch16	Day13	688810.707	468.2470051	430044734.1
Batch16	Day13	601676.595	437.6295334	351081930
Batch16	Day13	664917.824	460.0542543	407864364.9
Batch16	Day13	650846.694	455.1603422	394986138.6
Batch16	Day13	753690.355	489.8031146	492213177.8
Batch 18	Day14	713001.485	476.3983853	452897008.3
Batch 18	Day14	736710.374	484.2542672	475673523.1
Batch 18	Day14	789928.333	501.4399244	528135471.4
Batch 18	Day14	760454.31	491.9960618	498854034.3
Batch 18	Day14	594351.898	434.9575669	344690473.9
Batch 18	Day14	650014.342	454.8692023	394228673.7
Batch 18	Day14	835795.309	515.7925064	574795943
Batch 18	Day14	651302.298	455.3196244	395400956.9
Batch 18	Day14	762451.955	492.6418527	500820991.6
Batch 18	Day14	553829.498	419.868318	310047279.7
Batch 17	Day17	1410030.57	669.9452741	1259524422
Batch 17	Day17	1935840.47	784.9822671	2026133921
Batch 17	Day17	1573390.6	707.6904569	1484631350
Batch 17	Day17	1984791.53	794.8451208	2103469151
Batch 17	Day17	2143648.1	826.0413929	2360989416
Batch 17	Day17	1848767.69	767.1251743	1890981648
Batch 17	Day17	1594663.77	712.4585905	1514842536
Batch 17	Day17	1410039.33	669.9473551	1259536160
Batch 17	Day17	1282374.06	638.89932	1092410553
Batch 17	Day17	1397133.5	666.874355	1242283336
Batch 17	Day17	2157526.48	828.7110524	2383954720
Batch 17	Day17	1776239.17	751.9271827	1780803353
Batch 18	Day17	1296094.73	642.308155	1109989620
Batch 18	Day17	2173849.34	831.8399702	2411059694
Batch 18	Day17	1215382.87	621.987446	1007937183
Batch 18	Day17	2036896.77	805.2107668	2186841614
Batch 18	Day17	2070970.63	811.9177455	2241943740
Batch 18	Day17	1294596.49	641.9368048	1108065512
Batch 18	Day17	1409557.45	669.8328683	1258890546
Batch 18	Day17	1521968.77	696.0299605	1412447817
Batch 18	Day17	1489498.28	688.5651952	1367488898
Batch 18	Day17	1691076.42	733.6800003	1654278598
Batch 19	Day17	1085895.18	587.9210586	851227525
Batch 19	Day17	1300449.24	643.3862367	1115588190
Batch 19	Day17	1345983.28	654.5531183	1174690071
Batch 19	Day17	1160132.22	607.6854078	939993895
Batch 19	Day17	1037785.24	574.7497731	795289108.2
Batch 19	Day17	1209197.18	620.4026247	1000252139
Batch 19	Day17	1323325.78	649.0205532	1145154173
Batch 19	Day17	1261048.33	633.5646379	1065274171
Batch 19	Day17	1213174.94	621.4222213	1005191821
Batch 19	Day17	1199095.05	617.8056401	987743579.8
Batch16	Day17	1275627.63	637.216514	1083801322
Batch16	Day17	1441677.47	677.4217234	1302164848
Batch16	Day17	1221025.34	623.4295766	1014964414
Batch16	Day17	1534427.77	698.873042	1429826938
Batch16	Day17	1636535.46	721.7516304	1574896182
Batch16	Day17	1379803.05	662.725397	1219240699
Batch16	Day17	1195642.98	616.9157	983481234.6
Batch 12	Day19	1687212.55	732.8413435	1648612149
Batch 12	Day19	1821554.16	761.4582703	1849383306
Batch 12	Day19	1666570.22	728.3445456	1618449773
Batch 12	Day19	1997793.75	797.4443562	2124172468
Batch 12	Day19	1627362.06	719.7259424	1561672923
Batch 12	Day19	1820774.38	761.2952684	1848195894
Batch 13	Day19	1526148.06	696.9849462	1418269631
Batch 13	Day19	1402802.25	668.2258784	1249851688
Batch 13	Day19	1639225.27	722.3445225	1578780526
Batch 13	Day19	2026295.23	803.1125725	2169790900
Batch 13	Day19	2016736.33	801.2160206	2154455276
Batch 13	Day19	1864897.8	770.4644096	1915783177
Batch 17	Day19	2436303.07	880.6244108	2860623941
Batch 17	Day19	2110064.89	819.5453099	2305725046
Batch 17	Day19	2395491.53	873.2174049	2789046530
Batch 17	Day19	2452091.47	883.4732349	2888476244
Batch 17	Day19	2012329.24	800.3401098	2147397073
Batch 17	Day19	1507555.94	692.7264682	1392431869
Batch 17	Day19	2577093.22	905.7120125	3112139049
Batch 17	Day19	1725062.66	741.0158561	1704398378
Batch 18	Day19	1883910.47	774.3819002	1945154893
Batch 18	Day19	1832278.36	763.6964817	1865739383
Batch 18	Day19	1637008.58	721.8559515	1575579182
Batch 18	Day19	1771411.53	750.9046561	1773548221
Batch 18	Day19	3418881.46	1043.198815	4755430785
Batch 18	Day19	1914541.02	780.6518649	1992786690
Batch 18	Day19	1519436.67	695.4507269	1408924449
Batch 18	Day19	1723205.2	740.6168045	1701646305
Batch 18	Day19	2823145.23	947.9636263	3568318653
Batch 18	Day19	3265132.9	1019.472453	4438284061
Batch 19	Day19	1789188.81	754.6631609	1800313177
Batch 19	Day19	1641731.08	722.8964194	1582402026
Batch 19	Day19	1476732.63	685.6081938	1349946655
Batch 19	Day19	1689201.43	733.2731516	1651528075
Batch 19	Day19	1788663.12	754.5522872	1799519798
Batch 19	Day19	2017200.69	801.3082566	2155199424
Batch 19	Day19	1821633.02	761.4747529	1849503405
Batch 19	Day19	1612703.9	716.4772117	1540620791
Batch 19	Day19	1769098.46	750.4142386	1770075565
Batch 19	Day19	2215204.09	839.715048	2480186945
Batch 20	Day19	1684277.41	732.2036265	1644312037
Batch 20	Day19	2029239.13	803.6957612	2174521183
Batch 20	Day19	2009788.38	799.834677	2143331253
Batch 20	Day19	2476799.18	887.9130955	2932243236
Batch 20	Day19	2272242.11	850.4570109	2576592311
Batch 20	Day19	2091043.46	815.8430031	2274617568
Batch 20	Day19	2521973.99	895.9739135	3012830541
Batch 20	Day19	2011023.76	800.0804611	2145307756
Batch 20	Day19	2634148.76	915.6831286	3216060770
Batch 20	Day19	1689657.04	733.3720339	1652196293
Batch 21	Day19	1461934.29	682.1643039	1329705850
Batch 21	Day19	1615393.72	717.074467	1544476788
Batch 21	Day19	1734858.13	743.1167431	1718936164
Batch 21	Day19	1974847.12	792.8514123	2087680438
Batch 21	Day19	1759390.61	748.3524737	1755525753
Batch 21	Day19	1878294.28	773.2267704	1936463227
Batch 21	Day19	1910230.32	779.7725282	1986060168
Batch 21	Day19	1983249.49	794.5362921	2101018261
Batch 12	Day22	2344551.59	863.8830649	2700557884
Batch 12	Day22	2611289.74	911.7013436	3174288486
Batch 12	Day22	1947475.88	787.3378091	2044428524
Batch 12	Day22	2637083.89	916.1931417	3221437565
Batch 12	Day22	1812669.9	759.5990716	1835869831
Batch 12	Day22	2198741.04	836.5889135	2452589837
Batch 13	Day22	2118572.4	821.1957985	2319683672
Batch 13	Day22	1610040.38	715.8853051	1536805665
Batch 13	Day22	1882324.62	774.0558995	1942699303
Batch 13	Day22	1755342.75	747.4911043	1749470787
Batch 13	Day22	1569772.06	706.8762026	1479512684
Batch 13	Day22	2183206.73	833.6283859	2426644136
Batch 17	Day22	2114550.83	820.4160128	2313081814
Batch 17	Day22	2160750.75	829.3300461	2389300692
Batch 17	Day22	2531296.33	897.6283455	3029551116
Batch 17	Day22	2945527.26	968.292542	3802842771
Batch 17	Day22	2017866.57	801.440502	2156266662
Batch 17	Day22	2858664.76	953.9084099	3635872474
Batch 17	Day22	2843069.11	951.3027934	3606159448
Batch 17	Day22	2988905.94	975.3964884	3887157811
Batch 18	Day22	3827829.14	1103.827821	5633685730
Batch 18	Day22	1761563.49	748.8144456	1758778918
Batch 18	Day22	2369303.11	868.431116	2743435392
Batch 18	Day22	2687839.84	924.9681041	3314888161
Batch 18	Day22	2191451.39	835.2009594	2440403071
Batch 18	Day22	2009797.14	799.8364201	2143345266
Batch 18	Day22	2161109.97	829.3989803	2389896541
Batch 18	Day22	2253685.04	846.9771122	2545092863
Batch 18	Day22	3734342.87	1090.265222	5428565543
Batch 18	Day22	2231018.78	842.707146	2506793958
Batch 19	Day22	1912263.01	780.1872987	1989231083
Batch 19	Day22	1807561.89	758.5280611	1828115221
Batch 19	Day22	1788338.94	754.483906	1799030598
Batch 19	Day22	2018173.23	801.5013981	2156758221
Batch 19	Day22	1659315.62	726.7575704	1607893585
Batch 19	Day22	1991485.4	796.1843323	2114119298
Batch 19	Day22	2329402.78	861.0876458	2674426608
Batch 19	Day22	1870110.95	771.5405392	1923821881
Batch 19	Day22	1838858.32	765.0665216	1875798585
Batch 19	Day22	1926982.5	783.1842569	2012243143
Batch 20	Day22	2325714.15	860.4056057	2668076656
Batch 20	Day22	2340827.91	863.1967711	2694126791
Batch 20	Day22	2122961.96	822.0460935	2326896781
Batch 20	Day22	1731230.83	742.3394698	1713547969
Batch 20	Day22	2131627.19	823.7220455	2341157746
Batch 20	Day22	1742839.95	744.8242653	1730812647
Batch 20	Day22	2680734.18	923.7446572	3301751835
Batch 20	Day22	2201535.99	837.1204635	2457267771
Batch 20	Day22	1697770.28	735.1306446	1664110614
Batch 21	Day22	1803750.59	757.7279492	1822336314
Batch 21	Day22	1958156.27	789.4938248	2061269711
Batch 21	Day22	1841460.52	765.6076597	1879781705
Batch 21	Day22	1927998.84	783.3907654	2013835316
Batch 21	Day22	1629648.84	720.2314467	1564965789
Batch 21	Day22	1989610.41	795.809439	2111134326
Batch 21	Day22	2037711.6	805.371807	2188153965
Batch 21	Day22	1905227.44	778.7507493	1978263062
Batch 21	Day22	1770114.81	750.6297647	1771601151
Batch 21	Day22	1803995.92	757.7794771	1822708113
Batch16	Day22	2015378.28	800.9462098	2152279459
Batch16	Day22	2344446.45	863.8636945	2700376229
Batch16	Day22	2548101.08	900.6030006	3059769971
Batch16	Day22	1731887.95	742.4803406	1714523673
Batch16	Day22	2060307.76	809.8248753	2224651300
Batch16	Day22	2010620.73	800.0002848	2144662876
Batch16	Day22	2121919.33	821.8442069	2325182812
Batch16	Day22	2036975.62	805.2263519	2186968596
Batch 12	Day25	2636654.57	916.1185601	3220650917
Batch 12	Day25	3183010.43	1006.57026	4271898180
Batch 12	Day25	3261076.28	1018.838957	4430015406
Batch 12	Day25	2322779.01	859.862502	2663027428
Batch 12	Day25	2883065.81	957.9709546	3682524408
Batch 12	Day25	3415157.78	1042.63056	4747663824
Batch 13	Day25	2047831.24	807.3691404	2204474331
Batch 13	Day25	2585513.11	907.190379	3127403491
Batch 13	Day25	2236004.13	843.6481613	2515201031
Batch 13	Day25	2485219.08	889.4210491	2947208215
Batch 13	Day25	2604105.23	910.4462858	3161197246
Batch 13	Day25	2027232.72	803.2983358	2171296894
Batch 17	Day25	5673407.61	1343.838432	10165524247
Batch 17	Day25	2783393.85	941.2660514	3493218852
Batch 17	Day25	3179505.79	1006.015967	4264844790
Batch 17	Day25	3453919.1	1048.530684	4828720209
Batch 17	Day25	2583497.95	906.8367761	3123747936
Batch 17	Day25	3608955.61	1071.805136	5157462878
Batch 17	Day25	2302758.76	856.1488649	2628672398
Batch 17	Day25	3013701.27	979.4339734	3935628546
Batch 17	Day25	3699165.04	1085.117875	5352040144
Batch 17	Day25	3228702.17	1013.769116	4364211392
Batch 18	Day25	2876512.13	956.8815228	3669975076
Batch 18	Day25	2802783.27	944.5388418	3529783552
Batch 18	Day25	2608398.41	911.1964667	3169017887
Batch 18	Day25	2293173.57	854.365155	2612276790
Batch 18	Day25	3023435.4	981.0144637	3954711810
Batch 18	Day25	2568778.46	904.2497328	3097089648
Batch 18	Day25	4169216.12	1151.99944	6403912845
Batch 18	Day25	2997308.31	976.7665366	3903560609
Batch 18	Day25	2445292.47	882.2475661	2876471107
Batch 18	Day25	2411709.25	876.168304	2817417604
Batch 19	Day25	2362232.5	867.1343369	2731163883
Batch 19	Day25	2202236.92	837.253715	2458441390
Batch 19	Day25	2741565.97	934.1667688	3414773098
Batch 19	Day25	2430511.65	879.5771067	2850429873
Batch 19	Day25	2080696.01	813.8219155	2257754683
Batch 19	Day25	2275773.03	851.1175325	2582600434
Batch 19	Day25	2140791.82	825.4908846	2356272178
Batch 19	Day25	2454676.14	883.9387325	2893044421
Batch 19	Day25	2321692.58	859.6613873	2661159286
Batch 20	Day25	2112448.04	820.0079848	2309632347
Batch 20	Day25	2581412.68	906.4707256	3119966700
Batch 20	Day25	2179596.95	832.9389276	2420628195
Batch 20	Day25	3147534.71	1000.945261	4200679935
Batch 20	Day25	2553358.04	901.5315342	3069243721
Batch 20	Day25	2812955.49	946.2513101	3549017090
Batch 20	Day25	2762725.24	937.7647662	3454381852
Batch 20	Day25	3092906.13	992.221043	4091795395
Batch 20	Day25	2775263.08	939.8902463	3477923600
Batch 21	Day25	2816547.74	946.8553166	3555817603
Batch 21	Day25	2107085.95	818.9665982	2300844017
Batch 21	Day25	2555084.08	901.836195	3072356406
Batch 21	Day25	2444512.68	882.1068829	2875095281
Batch 21	Day25	2390926.74	872.3850173	2781078221
Batch 21	Day25	2821340.34	947.6605524	3564897260
Batch 21	Day25	2767254.98	938.5332268	3462880994
Batch 21	Day25	2790464.46	942.4608346	3506537952
Batch 21	Day25	2483440.47	889.1027237	2944044915
Batch 21	Day25	2224167.21	841.4121532	2495255095
Batch 12	Day28	4536633.82	1201.68856	7268827949
Batch 12	Day28	4339480.29	1175.286977	6800179560
Batch 12	Day28	2827736.31	948.7341161	3577026545
Batch 12	Day28	4046606.29	1134.933825	6123507141
Batch 12	Day28	3749421.58	1092.464167	5461478298
Batch 12	Day28	3326280.11	1028.97417	4563541755
Batch 13	Day28	2529544.01	897.3175948	3026405796
Batch 13	Day28	2649113.57	918.2804795	3243505706
Batch 13	Day28	2525548.72	896.6086803	3019238540
Batch 13	Day28	2852584.2	952.8933582	3624278050
Batch 13	Day28	3066262.11	987.938026	4039035915
Batch 13	Day28	3443168.61	1046.897611	4806193324
Batch 17	Day28	4215740.22	1158.409163	6511402801
Batch 17	Day28	3798302.55	1099.5623	5568627052
Batch 17	Day28	3489377.29	1053.899088	4903268726
Batch 17	Day28	3831254.92	1104.321655	5641250365
Batch 17	Day28	3902504.26	1114.542815	5799344112
Batch 17	Day28	2896348.4	960.1751557	3708002368
Batch 17	Day28	4591665.43	1208.955128	7401489954
Batch 17	Day28	3048449.77	985.0643123	4003892102
Batch 17	Day28	4552588.69	1203.799812	7307207213
Batch 17	Day28	6882893.92	1480.166606	13583772974
Batch 18	Day28	3377938.5	1036.933566	4670263751
Batch 18	Day28	3228439.32	1013.727849	4363678465
Batch 18	Day28	3332159.14	1029.883099	4575645840
Batch 18	Day28	3107625.62	994.5792866	4121040096
Batch 18	Day28	3151135.72	1001.517675	4207890825
Batch 18	Day28	3021919.65	980.7685251	3951738238
Batch 18	Day28	4746185	1229.1288	7778230232
Batch 18	Day28	3762082.09	1094.307051	5489163943
Batch 18	Day28	3673143.09	1081.294483	5295665811
Batch 19	Day28	2913608.75	963.0319151	3741197619
Batch 19	Day28	2940463.05	967.459797	3793039714
Batch 19	Day28	3020631.69	980.5594982	3949212125
Batch 19	Day28	2683152.38	924.1612028	3306220441
Batch 19	Day28	2556924.01	902.1608452	3075675635
Batch 19	Day28	3293923.52	1023.957236	4497115763
Batch 19	Day28	2546269.91	900.2793373	3056472250
Batch 19	Day28	2784024.68	941.3727099	3494406477
Batch 19	Day28	2939551.85	967.3098856	3791276752
Batch 19	Day28	2941733.48	967.6687704	3795498159
Batch 20	Day28	3634057.59	1075.526131	5211365198
Batch 20	Day28	3866967.21	1109.456575	5720309597
Batch 20	Day28	2995739.99	976.5109601	3900497245
Batch 20	Day28	3528874.59	1059.847003	4986756209
Batch 20	Day28	2900659.1	960.8894151	3716283501
Batch 20	Day28	3262583.28	1019.074341	4433086541
Batch 20	Day28	3606318.37	1071.413454	5151810696
Batch 20	Day28	3809385.97	1101.165389	5593018646
Batch 21	Day28	3327357.79	1029.140845	4565759745
Batch 21	Day28	2960702.35	970.7836155	3832268442
Batch 21	Day28	3045584.73	984.6013045	3998248931
Batch 21	Day28	3417759.97	1043.027702	4753091103
Batch 21	Day28	3141979.85	1000.061622	4189564621
Batch 21	Day28	3774173.1	1096.064145	5515647749
Batch 21	Day28	3398747.3	1040.122525	4713484830
Batch 21	Day28	3594288.69	1069.624992	5126054682
Batch 21	Day28	3681755.74	1082.56143	5314302347
Batch 21	Day28	2686613.22	924.7570212	3312619251
Batch 17	Day31	4191742.2	1155.107347	6455882948
Batch 17	Day31	4649842.45	1216.589833	7542601398
Batch 17	Day31	3514715.84	1057.718677	4956774116
Batch 17	Day31	4549890.12	1203.44298	7300711100
Batch 17	Day31	5104350.45	1274.662783	8675100734
Batch 17	Day31	4771874.02	1232.450679	7841465835
Batch 17	Day31	3543821.88	1062.089233	5018473417
Batch 18	Day31	4343256.54	1175.798237	6809057845
Batch 18	Day31	4566169.17	1205.593957	7339927943
Batch 18	Day31	3837169	1105.173664	5654317498
Batch 18	Day31	3967357.62	1123.765613	5944506756
Batch 18	Day31	3573865.4	1066.581778	5082426283
Batch 18	Day31	3907095.33	1115.19822	5809581010
Batch 18	Day31	5108941.53	1275.235899	8686807523
Batch 19	Day31	3654717.45	1078.579017	5255868739
Batch 19	Day31	3422219.63	1043.707977	4762397235
Batch 19	Day31	3930427.48	1118.523099	5861698569
Batch 19	Day31	3570772.56	1066.120165	5075830177
Batch 19	Day31	3249808.86	1017.077327	4407075877
Batch 19	Day31	3565524.36	1065.336404	5064643866
Batch 19	Day31	4162539.78	1151.076698	6388536724
Batch 19	Day31	2967229.74	971.8531581	3844948791
Batch 20	Day31	4155802.11	1150.144729	6373031853
Batch 20	Day31	5015945.91	1263.576342	8450707445
Batch 20	Day31	4298773.9	1169.761613	6704720921
Batch 20	Day31	4277772.35	1166.900694	6655647366
Batch 20	Day31	5060691.4	1269.199789	8564037940
Batch 20	Day31	4432581.06	1187.827585	7020189410
Batch 20	Day31	4872001.58	1245.313723	8089560567
Batch 20	Day31	3741851.56	1091.360776	5444946698
Batch 20	Day31	3876867.81	1110.875939	5742292224
Batch 21	Day31	4174254.04	1152.695245	6415523712
Batch 21	Day31	4471026.96	1192.967763	7111721372
Batch 21	Day31	3294256.46	1024.008984	4497797613
Batch 21	Day31	4454178.4	1190.717859	7071559690
Batch 21	Day31	4306273.83	1170.781591	6722274832
Batch 21	Day31	4199724.01	1156.206587	6474331418
Batch 21	Day31	4417484.82	1185.803141	6984356502
Batch 12	Day32	5951702.31	1376.403169	10922589231
Batch 12	Day32	3405108.22	1041.095389	4726723291
Batch 12	Day32	5490535.49	1322.002922	9678005285
Batch 12	Day32	5224287.99	1289.551285	8982649718
Batch 12	Day32	4833196.45	1240.344392	7993104153
Batch 12	Day32	4151833.11	1149.595374	6363904184
Batch 13	Day32	3433986.46	1045.50076	4786980605
Batch 13	Day32	3420589.97	1043.459441	4758995862
Batch 13	Day32	5130854.29	1277.967779	8742755284
Batch 13	Day32	3532869.88	1060.446797	4995227398
Batch 13	Day32	3683271.5	1082.78425	5317584491
Batch 13	Day32	3953111.26	1121.746137	5912516379
Batch 17	Day35	4389885.78	1182.093077	6919004787
Batch 17	Day35	5472766.97	1319.86205	9631063244
Batch 17	Day35	5154896.12	1280.95839	8804276580
Batch 17	Day35	6238635.95	1409.19108	11721906841
Batch 17	Day35	6064674.38	1389.404841	11235050589
Batch 17	Day35	5115924.52	1276.107108	8704623527
Batch 18	Day35	4974547.35	1258.351144	8346303130
Batch 18	Day35	4454528.86	1190.764702	7072394305
Batch 18	Day35	5455962.22	1317.834099	9586737411
Batch 18	Day35	4773205.78	1232.622646	7844748721
Batch 18	Day35	4849090	1242.382101	8032563499
Batch 18	Day35	5999707.12	1381.942868	11055003286
Batch 18	Day35	4076378.21	1139.101174	6191209605
Batch 18	Day35	4631968.79	1214.249339	7499153391
Batch 19	Day35	5637563.9	1339.586624	10069340257
Batch 19	Day35	4116699.09	1144.720935	6283295508
Batch 19	Day35	4642184.81	1215.587643	7523976657
Batch 19	Day35	4236251.12	1161.223756	6558980583
Batch 19	Day35	4237968.4	1161.459099	6562969280
Batch 19	Day35	3624340.98	1074.087317	5190478239
Batch 19	Day35	4178739.98	1153.314462	6425868334
Batch 19	Day35	3654323.17	1078.520835	5255018237
Batch 20	Day35	5975498.82	1379.15204	10988161850
Batch 20	Day35	6784781.52	1469.579203	13294365090
Batch 20	Day35	5606994.68	1335.949789	9987551145
Batch 20	Day35	5355344.01	1305.625881	9322767658
Batch 20	Day35	5577888.65	1332.477805	9909883768
Batch 21	Day35	5131450.08	1278.041975	8744278129
Batch 21	Day35	5872541.25	1367.219052	10705400376
Batch 21	Day35	4251750.39	1163.346115	6595009730
Batch 21	Day35	4198059.31	1155.977414	6470482325
Batch 21	Day35	5114645.33	1275.947559	8701358964
Batch 21	Day35	5554197.28	1329.645029	9846814407
Batch 21	Day35	4684967.71	1221.176293	7628228668
Batch 21	Day35	5160372.12	1281.638585	8818309362
Batch16	Day35	6029303.8	1385.347251	11136905928
Batch16	Day35	4272296.35	1166.153577	6642871560
Batch16	Day35	4656107	1217.409089	7557849306
Batch16	Day35	5543735.93	1328.392244	9819007747
Batch16	Day35	3358829.45	1033.996431	4630690220
Batch16	Day35	4071568.09	1138.428907	6180254412
Batch 12	Day37	3993598.61	1127.475906	6003581616
Batch 12	Day37	4608969.59	1211.231021	7443369255
Batch 12	Day37	6227105.68	1407.888241	11689425153
Batch 12	Day37	7043529.09	1497.339288	14062070442
Batch 12	Day37	5711064.97	1348.290933	10266902824
Batch 12	Day37	6749787.69	1465.784483	13191645415
Batch 13	Day37	4211902.64	1157.881794	6502513849
Batch 13	Day37	6851080.55	1476.74191	13489703707
Batch 13	Day37	4229855.16	1160.346808	6544131910
Batch 13	Day37	4389044.67	1181.979826	6917016341
Batch 13	Day37	4655116.93	1217.279647	7555438794
Batch 13	Day37	4467977.92	1192.560918	7104447800
Batch 19	Day38	4026971.55	1132.177043	6078992987
Batch 19	Day38	5673828.17	1343.888239	10166654597
Batch 19	Day38	4626703.07	1213.558951	7486369232
Batch 19	Day38	5282762.91	1296.74811	9133883758
Batch 19	Day38	5012143.37	1263.097299	8441099668
Batch 19	Day38	4799017.45	1235.950929	7908466766
Batch 19	Day38	4718629.77	1225.55559	7710590791
Batch 19	Day38	3876596.2	1110.837025	5741688784
Batch 19	Day38	4688577.48	1221.646661	7637046697
Batch 20	Day38	5366331.05	1306.964508	9351472296
Batch 20	Day38	6152894.93	1399.473931	11481088077
Batch 20	Day38	6463292.13	1434.339493	12360740212
Batch 20	Day38	5542851.01	1328.286217	9816656799
Batch 20	Day38	6882534.69	1480.127979	13582709547
Batch 20	Day38	6748315.74	1465.62465	13187330527
Batch 20	Day38	6452051	1433.09163	12328507044
Batch 20	Day38	6588898.43	1448.20976	12722809353
Batch 12	Day42	7633097.16	1558.746384	15864083458
Batch 12	Day42	5969584.74	1378.469383	10971853056
Batch 12	Day42	8571885.08	1651.821953	18878970604
Batch 12	Day42	8596890.68	1654.229517	18961640419
Batch 12	Day42	7639685.88	1559.418976	15884628177
Batch 12	Day42	7235320.52	1517.588235	14640316397
Batch 13	Day42	5037008.79	1266.226557	8503992400
Batch 13	Day42	4836219.21	1240.732198	8000603852
Batch 13	Day42	4849764.64	1242.468523	8034239879
Batch 13	Day42	5414476.04	1312.814249	9477601727
Batch 13	Day42	8133402.04	1609.019042	17449065012
Batch 13	Day42	5082490.26	1271.930382	8619431703
Batch 17	Day42	8507320.84	1645.589356	18666075496
Batch 17	Day42	7810940.12	1576.800387	16421724539
Batch 17	Day42	7284297.86	1522.716002	14789222553
Batch 17	Day42	7326318.5	1527.101702	14917377933
Batch 17	Day42	7188244.44	1512.64314	14497664856
Batch 17	Day42	11506959.7	1913.838821	29363288246
Batch 17	Day42	5925102.09	1373.323914	10849445855
Batch 17	Day42	8330765.84	1628.424124	18088026749
Batch 18	Day42	5748766.13	1352.733933	10368734687
Batch 18	Day42	5969497.12	1378.459266	10971611494
Batch 18	Day42	7148212.69	1508.425261	14376726123
Batch 18	Day42	5632780.07	1339.018141	10056526267
Batch 18	Day42	6535312.49	1442.308765	12567917986
Batch 18	Day42	5248137.07	1292.491359	9044229086
Batch 18	Day42	4769797.52	1232.182497	7836348024
Batch 18	Day42	5301039.61	1298.989344	9181325285
Batch 19	Day42	4214741.4	1158.271926	6509088854
Batch 19	Day42	5541931.04	1328.175982	9814212933
Batch 19	Day42	5406643.17	1311.864312	9457042960
Batch 19	Day42	5167328.83	1282.502184	8836147346
Batch 19	Day42	5980869.68	1379.771701	11002979643
Batch 19	Day42	4755980.47	1230.396522	7802322441
Batch 20	Day42	7805884.67	1576.290031	16405784248
Batch 20	Day42	8322529.94	1627.618984	18061210303
Batch 20	Day42	6853910.55	1477.04688	13498062929
Batch 20	Day42	7785829.37	1574.263784	16342598937
Batch 20	Day42	7648465	1560.314719	15912016694
Batch 20	Day42	7364948.39	1531.122426	15035516863
Batch 20	Day42	6709019.97	1461.351218	13072312675
Batch 20	Day42	5995116.04	1381.414024	11042316494
Batch 21	Day42	6030556.71	1385.491184	11140377539
Batch 21	Day42	6421911.1	1429.740463	12242221532
Batch 21	Day42	6624715.85	1452.140678	12826692486
Batch 21	Day42	5484402.37	1321.264354	9661793809
Batch 21	Day42	6501878.22	1438.614652	12471596361
Batch 21	Day42	6452042.24	1433.090657	12328481937
Batch 21	Day42	6119854.94	1395.711406	11388735125
Batch 21	Day42	6733981.77	1464.06727	13145336407
Batch 21	Day42	6789118.52	1470.048823	13307114257
Batch16	Day42	5675343.92	1344.067735	10170728867
Batch16	Day42	7639834.83	1559.434178	15885092730
Batch16	Day42	5998918.57	1381.85205	11052823896
Batch16	Day42	4841537.5	1241.414214	8013804626
Batch16	Day42	7015167.8	1494.321674	13977223049
Batch16	Day42	5705238.5	1347.60299	10251195279